Neuron1,Neuron2,Type,Nbr
ADAR,ADAL,EJ,1
ADFL,ADAL,EJ,1
ASHL,ADAL,EJ,1
AVDR,ADAL,EJ,2
PVQL,ADAL,EJ,1
ADEL,ADAL,S,1
ADFL,ADAL,S,1
AIAL,ADAL,S,1
ASHL,ADAL,S,1
AWAL,ADAL,S,1
PVPL,ADAL,S,1
PVR,ADAL,S,1
RMGL,ADAL,S,1
ADAL,ADAR,EJ,1
ADFR,ADAR,EJ,1
ASHR,ADAR,EJ,1
AVDL,ADAR,EJ,2
PVQR,ADAR,EJ,1
ADER,ADAR,S,1
ADFR,ADAR,S,1
AIAR,ADAR,S,1
ASHR,ADAR,S,2
RICL,ADAR,S,1
RICR,ADAR,S,1
RIMR,ADAR,S,1
RMGR,ADAR,S,1
URBR,ADAR,S,1
AINL,ADEL,EJ,1
AVKR,ADEL,EJ,1
ADER,ADEL,S,2
ALA,ADEL,S,1
BDUL,ADEL,S,3
FLPL,ADEL,S,2
IL2L,ADEL,S,2
ADEL,ADER,S,1
AVKL,ADER,EJ,1
ALNR,ADER,S,1
AVAR,ADER,S,1
AVM,ADER,S,1
BDUR,ADER,S,1
FLPL,ADER,S,2
FLPR,ADER,S,1
IL2R,ADER,S,1
ADAL,ADFL,EJ,1
ASHL,ADFL,S,3
AWBL,ADFL,S,8
ADAR,ADFR,EJ,1
AIAR,ADFR,EJ,1
AIYR,ADFR,S,1
ASEL,ADFR,S,1
ASHR,ADFR,S,2
AVHL,ADFR,S,3
AWAR,ADFR,S,3
AWBR,ADFR,S,3
PVPR,ADFR,S,1
RIH,ADFR,S,1
ADLR,ADLL,EJ,1
AVDR,ADLL,EJ,1
OLQVL,ADLL,EJ,1
RMGL,ADLL,EJ,1
AVHR,ADLL,S,1
CEPVL,ADLL,S,1
SDQR,ADLL,S,1
ADLL,ADLR,EJ,1
AIAR,ADLR,S,2
AVHR,ADLR,S,2
AFDR,AFDL,EJ,1
AIBL,AFDL,EJ,1
AINR,AFDL,S,3
ASER,AFDL,S,1
AWAL,AFDL,S,4
AFDL,AFDR,EJ,1
AIBR,AFDR,EJ,1
AINL,AFDR,S,3
AINR,AFDR,S,1
ASER,AFDR,S,2
AWAR,AFDR,S,6
RIR,AFDR,S,1
ADLL,AIAL,S,4
AIAR,AIAL,EJ,1
ASIL,AIAL,EJ,2
AWAL,AIAL,EJ,1
AIML,AIAL,S,4
AINR,AIAL,S,2
AIZL,AIAL,S,3
ASEL,AIAL,S,3
ASER,AIAL,S,1
ASGL,AIAL,S,6
ASHL,AIAL,S,5
ASIR,AIAL,S,1
ASKL,AIAL,S,7
AWCL,AIAL,S,2
HSNL,AIAL,S,1
PVQL,AIAL,S,3
ADLR,AIAR,S,8
ADFR,AIAR,EJ,1
AIAL,AIAR,EJ,1
ASIR,AIAR,EJ,2
AWAR,AIAR,EJ,1
AIMR,AIAR,S,5
AIZR,AIAR,S,1
ASER,AIAR,S,2
ASGR,AIAR,S,8
ASHR,AIAR,S,6
ASIR,AIAR,S,2
ASKR,AIAR,S,8
AWCL,AIAR,S,3
AWCR,AIAR,S,1
PVQR,AIAR,S,4
ADAL,AIBL,S,1
ADAR,AIBL,S,1
ADLL,AIBL,S,5
AIAL,AIBL,S,7
AFDL,AIBL,EJ,1
DVC,AIBL,EJ,1
PVT,AIBL,EJ,1
RIGR,AIBL,EJ,3
RIMR,AIBL,EJ,1
RIVL,AIBL,EJ,1
AINR,AIBL,S,2
AIZL,AIBL,S,2
AIZR,AIBL,S,7
ASEL,AIBL,S,6
ASER,AIBL,S,2
ASGL,AIBL,S,3
ASHL,AIBL,S,3
ASIL,AIBL,S,1
ASKL,AIBL,S,2
AWCL,AIBL,S,1
BAGL,AIBL,S,1
DVC,AIBL,S,1
FLPL,AIBL,S,1
HSNR,AIBL,S,1
PVT,AIBL,S,2
RIBR,AIBL,S,1
RIMR,AIBL,S,4
SAADL,AIBL,S,1
SAAVL,AIBL,S,1
SDQR,AIBL,S,2
ADAL,AIBR,S,2
ADAR,AIBR,S,1
ADLL,AIBR,S,1
ADLR,AIBR,S,10
AIAR,AIBR,S,8
AFDR,AIBR,EJ,1
DVC,AIBR,EJ,2
PVT,AIBR,EJ,1
RIGL,AIBR,EJ,3
RIML,AIBR,EJ,1
RIS,AIBR,EJ,1
RIVR,AIBR,EJ,1
AIZL,AIBR,S,6
AIZR,AIBR,S,1
ASEL,AIBR,S,2
ASER,AIBR,S,9
ASGR,AIBR,S,2
ASHR,AIBR,S,2
ASIR,AIBR,S,1
AWBL,AIBR,S,1
AWCL,AIBR,S,1
AWCR,AIBR,S,4
DVC,AIBR,S,3
FLPL,AIBR,S,2
FLPR,AIBR,S,1
HSNR,AIBR,S,1
PVT,AIBR,S,4
RIBL,AIBR,S,2
RMGL,AIBR,S,1
SAADR,AIBR,S,1
SDQL,AIBR,S,1
AIAL,AIML,S,2
SIBDR,AIML,EJ,1
ASKL,AIML,S,2
ASKR,AIMR,S,1
RMGR,AIMR,S,1
ADEL,AINL,EJ,1
AINR,AINL,EJ,2
ASGR,AINL,EJ,1
AUAR,AINL,EJ,1
AFDL,AINR,S,1
AINL,AINR,EJ,2
ASGL,AINR,EJ,1
AUAL,AINR,EJ,1
ASGL,AINR,S,1
AFDL,AIYL,S,7
AIBL,AIYL,S,1
AIYR,AIYL,EJ,1
RIML,AIYL,EJ,1
ASEL,AIYL,S,8
ASER,AIYL,S,2
ASIL,AIYL,S,2
AWAL,AIYL,S,1
AWCL,AIYL,S,7
AWCR,AIYL,S,3
BAGR,AIYL,S,1
ADFR,AIYR,S,1
AFDR,AIYR,S,12
AIYL,AIYR,EJ,1
RIMR,AIYR,EJ,1
ASEL,AIYR,S,5
ASER,AIYR,S,10
ASGR,AIYR,S,1
AUAR,AIYR,S,1
AWAR,AIYR,S,2
AWCR,AIYR,S,6
ADFL,AIZL,S,7
AIAL,AIZL,S,1
AIYL,AIZL,S,10
AIZR,AIZL,EJ,2
ASGL,AIZL,EJ,1
ASHL,AIZL,EJ,1
ASIL,AIZL,S,1
AWAL,AIZL,S,7
AWBL,AIZL,S,6
DVA,AIZL,S,3
HSNL,AIZL,S,2
HSNR,AIZL,S,1
RIH,AIZL,S,4
RIR,AIZL,S,3
ADFR,AIZR,S,5
AIAR,AIZR,S,1
AIYR,AIZR,S,8
AIZL,AIZR,EJ,2
ASGR,AIZR,EJ,1
ASHR,AIZR,EJ,1
AWAR,AIZR,EJ,1
AWAR,AIZR,S,5
AWBR,AIZR,S,3
HSNL,AIZR,S,1
HSNR,AIZR,S,1
RIBR,AIZR,S,1
RIGL,AIZR,S,1
RIH,AIZR,S,4
RIR,AIZR,S,4
ADER,ALA,S,1
ADLL,ALA,S,2
RID,ALA,EJ,1
AIML,ALML,S,1
AVM,ALML,EJ,1
PVR,ALML,EJ,1
RIFL,ALML,S,2
RMGL,ALML,S,1
SDQL,ALML,S,1
AVM,ALMR,EJ,1
BDUR,ALMR,S,1
SMBDR,ALNL,EJ,1
RIGL,ALNL,S,1
RMGL,ALNL,S,1
SAAVL,ALNL,S,1
RIGR,ALNR,S,1
RMGR,ALNR,S,1
AVBL,AQR,EJ,1
AVKL,AQR,EJ,2
AVKR,AQR,EJ,1
PVPL,AQR,EJ,7
PVPR,AQR,EJ,9
RIGL,AQR,EJ,2
RIGR,AQR,EJ,1
AVHR,AQR,S,2
DVA,AQR,S,3
PVCR,AQR,S,1
PVPL,AQR,S,1
PVPR,AQR,S,2
AINL,ASEL,S,2
AINR,ASEL,S,1
AIZL,ASEL,S,1
ASIR,ASEL,S,2
AWAL,ASEL,S,4
AWAR,ASEL,S,1
AWCL,ASEL,S,1
AWCR,ASEL,S,1
ADLL,ASER,S,2
ADLR,ASER,S,1
AFDR,ASER,S,1
AIAL,ASER,S,2
AIAR,ASER,S,1
AIBL,ASER,S,1
AINR,ASER,S,1
ASIL,ASER,S,1
AWAR,ASER,S,2
PVQR,ASER,S,1
AIAL,ASGL,S,1
AIML,ASGL,S,2
AINR,ASGL,EJ,1
AIZL,ASGL,EJ,1
AWAL,ASGL,S,1
AIAR,ASGR,S,1
AIMR,ASGR,S,2
AINL,ASGR,S,1
AINL,ASGR,EJ,1
AIZR,ASGR,EJ,1
AWBR,ASGR,S,1
AWCR,ASGR,S,1
CEPVR,ASGR,S,1
ADLL,ASHL,S,2
AIAL,ASHL,S,1
ADAL,ASHL,EJ,1
AIZL,ASHL,EJ,1
ASHR,ASHL,EJ,1
RICL,ASHL,EJ,2
RMGL,ASHL,EJ,1
HSNL,ASHL,S,1
HSNR,ASHL,S,2
RMGL,ASHL,S,1
URXL,ASHL,S,1
ADFR,ASHR,S,1
ADLR,ASHR,S,2
ADAR,ASHR,EJ,1
AIZR,ASHR,EJ,1
ASHL,ASHR,EJ,1
ASKR,ASHR,EJ,1
RICR,ASHR,EJ,2
RMGR,ASHR,EJ,1
ASIR,ASHR,S,1
AWBR,ASHR,S,2
HSNL,ASHR,S,2
PVPR,ASHR,S,1
RIFR,ASHR,S,2
RMGR,ASHR,S,1
AIAL,ASIL,EJ,2
ASIR,ASIL,EJ,1
AIAR,ASIR,EJ,2
ASIL,ASIR,EJ,1
ASJR,ASJL,EJ,1
AVFR,ASJL,S,1
PVQL,ASJL,S,1
AIMR,ASJR,S,2
ASJL,ASJR,EJ,1
HSNL,ASJR,S,1
AIAL,ASKL,S,2
AIML,ASKL,S,2
ASGL,ASKL,S,1
ASHL,ASKL,S,1
ASIL,ASKL,S,2
ASJL,ASKL,S,4
ASKR,ASKL,EJ,1
PVQL,ASKL,EJ,5
RMGL,ASKL,EJ,1
AVFR,ASKL,S,1
HSNL,ASKL,S,1
PVQL,ASKL,S,4
AIMR,ASKR,S,3
ASJR,ASKR,S,3
ASHR,ASKR,EJ,1
ASKL,ASKR,EJ,1
PVQR,ASKR,EJ,4
RMGR,ASKR,EJ,1
PVQR,ASKR,S,4
ADFL,AUAL,S,4
AINR,AUAL,EJ,1
AUAR,AUAL,EJ,1
AWBL,AUAL,EJ,1
DVA,AUAL,S,1
IL2DL,AUAL,S,1
RIBL,AUAL,S,1
RIR,AUAL,S,1
URXL,AUAL,S,4
ADFR,AUAR,S,4
AINL,AUAR,S,1
AINR,AUAR,S,1
AINL,AUAR,EJ,1
AUAL,AUAR,EJ,1
AWBR,AUAR,EJ,1
AWAR,AUAR,S,1
DVA,AUAR,S,1
RIH,AUAR,S,1
URXR,AUAR,S,3
ADAR,AVAL,S,1
ADEL,AVAL,S,2
ADER,AVAL,S,4
ADLL,AVAL,S,2
AIBL,AVAL,S,2
ALA,AVAL,S,1
AQR,AVAL,S,1
ASHL,AVAL,S,2
AUAL,AVAL,S,2
AVAR,AVAL,EJ,5
AVJL,AVAL,EJ,2
FLPL,AVAL,EJ,1
LUAL,AVAL,EJ,1
PVCL,AVAL,EJ,2
PVCR,AVAL,EJ,5
PVPL,AVAL,EJ,1
RIMR,AVAL,EJ,3
SABD,AVAL,EJ,4
SABVR,AVAL,EJ,1
SDQR,AVAL,EJ,1
URYDL,AVAL,EJ,1
URYVR,AVAL,EJ,1
AVAR,AVAL,S,1
AVBL,AVAL,S,6
AVBR,AVAL,S,5
AVDL,AVAL,S,12
AVDR,AVAL,S,13
AVEL,AVAL,S,10
AVER,AVAL,S,5
AVJR,AVAL,S,1
AWCL,AVAL,S,1
BAGR,AVAL,S,1
BDUR,AVAL,S,3
DVA,AVAL,S,3
DVC,AVAL,S,5
FLPL,AVAL,S,10
FLPR,AVAL,S,10
LUAL,AVAL,S,5
LUAR,AVAL,S,3
PHBL,AVAL,S,9
PHBR,AVAL,S,7
PHCL,AVAL,S,1
PLMR,AVAL,S,3
PQR,AVAL,S,5
PVCL,AVAL,S,1
PVCR,AVAL,S,5
PVDL,AVAL,S,6
PVDR,AVAL,S,6
PVNL,AVAL,S,2
PVNR,AVAL,S,2
PVPL,AVAL,S,1
PVPR,AVAL,S,1
RIBL,AVAL,S,1
RICL,AVAL,S,5
RICR,AVAL,S,5
RIML,AVAL,S,1
RIMR,AVAL,S,2
RMGL,AVAL,S,1
SAADL,AVAL,S,6
SAAVL,AVAL,S,16
SDQL,AVAL,S,1
SDQR,AVAL,S,2
SMBDR,AVAL,S,1
URYVR,AVAL,S,1
ADAL,AVAR,S,2
ADEL,AVAR,S,3
ADER,AVAR,S,1
ADLL,AVAR,S,3
ADLR,AVAR,S,2
AIBR,AVAR,S,1
AQR,AVAR,S,2
ASHR,AVAR,S,4
AUAR,AVAR,S,1
AVAL,AVAR,S,2
AVAL,AVAR,EJ,5
PVCR,AVAR,EJ,3
RIML,AVAR,EJ,2
RIMR,AVAR,EJ,1
SABVL,AVAR,EJ,3
SABVR,AVAR,EJ,1
URYDR,AVAR,EJ,1
URYVL,AVAR,EJ,1
AVBL,AVAR,S,5
AVBR,AVAR,S,5
AVDL,AVAR,S,17
AVDR,AVAR,S,14
AVEL,AVAR,S,4
AVER,AVAR,S,16
AVG,AVAR,S,2
AVJL,AVAR,S,1
AVJR,AVAR,S,1
BAGL,AVAR,S,1
DVA,AVAR,S,1
DVC,AVAR,S,7
FLPL,AVAR,S,17
FLPR,AVAR,S,5
LUAL,AVAR,S,5
LUAR,AVAR,S,7
PHBL,AVAR,S,6
PHBR,AVAR,S,7
PLMR,AVAR,S,1
PQR,AVAR,S,9
PVCL,AVAR,S,4
PVCR,AVAR,S,7
PVDL,AVAR,S,6
PVDR,AVAR,S,9
PVPL,AVAR,S,1
PVPR,AVAR,S,2
PVWR,AVAR,S,1
RIBR,AVAR,S,2
RICL,AVAR,S,6
RICR,AVAR,S,5
RMGR,AVAR,S,1
SAADR,AVAR,S,3
SAAVR,AVAR,S,9
SDQL,AVAR,S,3
SMBDL,AVAR,S,1
ADAL,AVBL,S,4
ADAR,AVBL,S,1
ADLL,AVBL,S,2
ADLR,AVBL,S,1
AIBL,AVBL,S,4
AQR,AVBL,S,2
ASHL,AVBL,S,6
AVAR,AVBL,S,1
AQR,AVBL,EJ,1
AVBR,AVBL,EJ,3
DVA,AVBL,EJ,1
RIBL,AVBL,EJ,1
RIBR,AVBL,EJ,1
RID,AVBL,EJ,1
SDQR,AVBL,EJ,1
SIBVL,AVBL,EJ,1
AVBR,AVBL,S,1
AVDR,AVBL,S,1
AVFL,AVBL,S,1
AVFR,AVBL,S,1
AVG,AVBL,S,1
AVHL,AVBL,S,1
AVHR,AVBL,S,2
AVJL,AVBL,S,1
AVJR,AVBL,S,2
AVKL,AVBL,S,1
AVM,AVBL,S,6
AWBL,AVBL,S,1
DVA,AVBL,S,1
DVC,AVBL,S,1
FLPL,AVBL,S,3
FLPR,AVBL,S,5
PVCL,AVBL,S,5
PVCR,AVBL,S,6
PVNR,AVBL,S,1
PVPL,AVBL,S,3
PVPR,AVBL,S,4
PVQR,AVBL,S,1
PVR,AVBL,S,4
RIFL,AVBL,S,10
RIFR,AVBL,S,1
RIML,AVBL,S,2
RIMR,AVBL,S,2
SDQR,AVBL,S,4
URBL,AVBL,S,1
URXL,AVBL,S,1
URXR,AVBL,S,1
ADAL,AVBR,S,5
ADAR,AVBR,S,5
ADLR,AVBR,S,2
AIBR,AVBR,S,3
AIML,AVBR,S,2
AQR,AVBR,S,4
ASHR,AVBR,S,3
AVAL,AVBR,S,1
AVBL,AVBR,S,1
AVBL,AVBR,EJ,3
DVA,AVBR,EJ,1
PVNL,AVBR,EJ,2
RIBL,AVBR,EJ,1
RIBR,AVBR,EJ,1
RID,AVBR,EJ,2
SIBVL,AVBR,EJ,1
AVFL,AVBR,S,2
AVFR,AVBR,S,3
AVG,AVBR,S,2
AVHL,AVBR,S,1
AVHR,AVBR,S,1
AVJL,AVBR,S,4
AVJR,AVBR,S,1
AVM,AVBR,S,4
AWBR,AVBR,S,2
FLPL,AVBR,S,4
FLPR,AVBR,S,1
PVCL,AVBR,S,11
PVCR,AVBR,S,6
PVNL,AVBR,S,1
PVNR,AVBR,S,2
PVPL,AVBR,S,6
PVPR,AVBR,S,5
PVR,AVBR,S,4
RIBL,AVBR,S,1
RIFL,AVBR,S,1
RIFR,AVBR,S,14
RIML,AVBR,S,3
RIMR,AVBR,S,4
RMGL,AVBR,S,2
RMGR,AVBR,S,1
SDQR,AVBR,S,4
URBR,AVBR,S,1
URXR,AVBR,S,2
URYVL,AVBR,S,1
ADAL,AVDL,S,1
ADLL,AVDL,S,1
ADLR,AVDL,S,4
AIML,AVDL,S,1
AQR,AVDL,S,1
ASHL,AVDL,S,2
ASHR,AVDL,S,4
AVAL,AVDL,S,1
AVAR,AVDL,S,1
AVBL,AVDL,S,1
ADAR,AVDL,EJ,2
AVM,AVDL,EJ,2
FLPL,AVDL,EJ,1
FLPR,AVDL,EJ,1
AVDR,AVDL,S,2
AVHL,AVDL,S,1
AVJL,AVDL,S,1
AVJR,AVDL,S,1
FLPL,AVDL,S,6
FLPR,AVDL,S,8
LUAL,AVDL,S,4
LUAR,AVDL,S,1
PHBL,AVDL,S,1
PHBR,AVDL,S,1
PLMR,AVDL,S,1
PQR,AVDL,S,7
PVCL,AVDL,S,5
PVCR,AVDL,S,5
PVNL,AVDL,S,3
RMGR,AVDL,S,1
ADER,AVDR,S,2
ADLL,AVDR,S,4
ADLR,AVDR,S,2
AIML,AVDR,S,1
AIMR,AVDR,S,1
ALML,AVDR,S,1
AQR,AVDR,S,1
ASHL,AVDR,S,2
ASHR,AVDR,S,1
AUAL,AVDR,S,1
AVAR,AVDR,S,2
AVBL,AVDR,S,2
ADAL,AVDR,EJ,2
ADLL,AVDR,EJ,1
AVJL,AVDR,EJ,2
FLPR,AVDR,EJ,1
AVER,AVDR,S,1
AVG,AVDR,S,1
AVHR,AVDR,S,1
AVJR,AVDR,S,2
FLPL,AVDR,S,13
FLPR,AVDR,S,1
HSNL,AVDR,S,2
HSNR,AVDR,S,1
LUAL,AVDR,S,2
LUAR,AVDR,S,3
PHAL,AVDR,S,1
PHBR,AVDR,S,1
PLMR,AVDR,S,4
PQR,AVDR,S,6
PVCL,AVDR,S,2
PVCR,AVDR,S,1
PVNL,AVDR,S,3
PVNR,AVDR,S,1
PVPL,AVDR,S,2
PVWR,AVDR,S,1
RIBL,AVDR,S,1
ADAL,AVEL,S,1
ADAR,AVEL,S,1
ADEL,AVEL,S,1
AIBR,AVEL,S,1
AIZR,AVEL,S,4
ALA,AVEL,S,2
ALML,AVEL,S,1
AUAL,AVEL,S,3
AVAR,AVEL,S,2
AVBL,AVEL,S,1
AVER,AVEL,EJ,1
RIML,AVEL,EJ,2
RIMR,AVEL,EJ,3
RMDVR,AVEL,EJ,1
RMEV,AVEL,EJ,1
AVG,AVEL,S,1
AVJL,AVEL,S,1
AVKL,AVEL,S,2
AVL,AVEL,S,1
BAGL,AVEL,S,1
BAGR,AVEL,S,2
CEPDR,AVEL,S,6
CEPVR,AVEL,S,4
DVA,AVEL,S,6
FLPR,AVEL,S,4
IL1R,AVEL,S,1
IL2L,AVEL,S,1
OLLR,AVEL,S,15
PVCL,AVEL,S,2
PVCR,AVEL,S,1
PVNL,AVEL,S,1
PVNR,AVEL,S,2
RIBL,AVEL,S,1
RIBR,AVEL,S,2
RIGL,AVEL,S,1
RIS,AVEL,S,7
RMGL,AVEL,S,2
SDQL,AVEL,S,1
URXL,AVEL,S,3
URYDR,AVEL,S,2
URYVR,AVEL,S,6
ADER,AVER,S,1
AIML,AVER,S,1
AIZL,AVER,S,5
AIZR,AVER,S,1
ALA,AVER,S,1
ASHR,AVER,S,3
AUAR,AVER,S,3
AVAR,AVER,S,2
AVBL,AVER,S,2
AVEL,AVER,EJ,1
RIML,AVER,EJ,3
RIMR,AVER,EJ,2
RMDVL,AVER,EJ,1
RMDVR,AVER,EJ,1
RMEV,AVER,EJ,1
AVG,AVER,S,1
AVJR,AVER,S,2
AVKL,AVER,S,1
BAGL,AVER,S,3
CEPDL,AVER,S,4
CEPVL,AVER,S,2
DVA,AVER,S,3
FLPR,AVER,S,2
IL1L,AVER,S,2
IL1R,AVER,S,1
OLLL,AVER,S,18
PVCL,AVER,S,1
PVCR,AVER,S,1
PVPL,AVER,S,1
RIBL,AVER,S,3
RIBR,AVER,S,1
RIGL,AVER,S,1
RIGR,AVER,S,2
RIS,AVER,S,7
RMGR,AVER,S,3
URXR,AVER,S,2
URYDL,AVER,S,2
URYDR,AVER,S,2
URYVL,AVER,S,5
AIML,AVFL,S,3
AIMR,AVFL,S,1
AVFR,AVFL,EJ,23
AVHL,AVFL,EJ,2
AVHR,AVFL,EJ,3
PVQR,AVFL,EJ,1
AVFR,AVFL,S,1
AVG,AVFL,S,1
AVHL,AVFL,S,1
AVHR,AVFL,S,2
HSNL,AVFL,S,5
HSNR,AVFL,S,1
PHAL,AVFL,S,3
PHBR,AVFL,S,1
RIFR,AVFL,S,1
AIML,AVFR,S,1
AIMR,AVFR,S,1
AVFL,AVFR,S,6
AVFL,AVFR,EJ,23
AVHL,AVFR,EJ,2
AVHR,AVFR,EJ,1
AVHL,AVFR,S,3
AVHR,AVFR,S,1
AVJL,AVFR,S,1
AVL,AVFR,S,1
PVNL,AVFR,S,1
PVQR,AVFR,S,1
AVFL,AVG,S,1
RIFL,AVG,EJ,1
RIFR,AVG,EJ,1
PHAL,AVG,S,4
PHAR,AVG,S,2
PQR,AVG,S,1
PVNL,AVG,S,1
AIML,AVHL,S,2
AVAL,AVHL,S,1
AVFL,AVHL,S,2
AVFR,AVHL,S,2
AVFL,AVHL,EJ,2
AVFR,AVHL,EJ,2
AVHR,AVHL,EJ,1
PHBR,AVHL,EJ,1
AVHR,AVHL,S,1
AVJL,AVHL,S,2
BDUL,AVHL,S,1
BDUR,AVHL,S,1
PHAL,AVHL,S,1
PVPR,AVHL,S,3
RIFR,AVHL,S,1
AIML,AVHR,S,1
AVFL,AVHR,S,3
AVFR,AVHR,S,1
AVHL,AVHR,S,1
AVFL,AVHR,EJ,3
AVFR,AVHR,EJ,1
AVHL,AVHR,EJ,1
PHAL,AVHR,S,1
PHAR,AVHR,S,1
PHCR,AVHR,S,1
PVPL,AVHR,S,1
RIFL,AVHR,S,1
ADAR,AVJL,S,2
ADLL,AVJL,S,1
AIML,AVJL,S,1
AQR,AVJL,S,1
AVFL,AVJL,S,1
AVFR,AVJL,S,1
AVG,AVJL,S,1
AVHL,AVJL,S,2
AVAL,AVJL,EJ,2
AVDR,AVJL,EJ,2
AVJR,AVJL,EJ,4
PVCL,AVJL,EJ,1
PVCR,AVJL,EJ,3
RIS,AVJL,EJ,1
AVJR,AVJL,S,1
BDUR,AVJL,S,2
HSNL,AVJL,S,1
HSNR,AVJL,S,1
LUAL,AVJL,S,1
PVCL,AVJL,S,2
PVNL,AVJL,S,5
PVNR,AVJL,S,4
PVR,AVJL,S,2
PVWL,AVJL,S,1
RIFR,AVJL,S,1
RIMR,AVJL,S,1
RMGR,AVJL,S,1
ADAL,AVJR,S,5
ADER,AVJR,S,1
ADLL,AVJR,S,3
ADLR,AVJR,S,1
AVFL,AVJR,S,1
AVFR,AVJR,S,1
AVHR,AVJR,S,4
AVJL,AVJR,EJ,4
PVCL,AVJR,EJ,1
AVM,AVJR,S,1
BDUL,AVJR,S,1
FLPR,AVJR,S,1
LUAR,AVJR,S,1
PVCL,AVJR,S,1
PVNL,AVJR,S,3
PVNR,AVJR,S,1
PVR,AVJR,S,2
RIFL,AVJR,S,2
RIFR,AVJR,S,2
URXL,AVJR,S,1
ADER,AVKL,S,1
ADER,AVKL,EJ,1
AQR,AVKL,EJ,2
AVKR,AVKL,EJ,2
PVPL,AVKL,EJ,1
PVPR,AVKL,EJ,1
PVT,AVKL,EJ,2
RICL,AVKL,EJ,1
RICR,AVKL,EJ,1
RIGL,AVKL,EJ,1
SMBDL,AVKL,EJ,1
SMBDR,AVKL,EJ,1
SMBVR,AVKL,EJ,1
DVC,AVKL,S,2
PDEL,AVKL,S,5
PDER,AVKL,S,16
PVM,AVKL,S,7
PVR,AVKL,S,1
PVT,AVKL,S,5
RIGR,AVKL,S,4
RIMR,AVKL,S,1
RIS,AVKL,S,1
RMDR,AVKL,S,1
RMFL,AVKL,S,4
RMFR,AVKL,S,3
ADER,AVKR,S,1
ADEL,AVKR,EJ,1
AQR,AVKR,EJ,1
AVKL,AVKR,EJ,2
PVPL,AVKR,EJ,6
RICL,AVKR,EJ,1
RIGR,AVKR,EJ,1
SMBDL,AVKR,EJ,1
SMBDR,AVKR,EJ,2
SMBVR,AVKR,EJ,1
DVC,AVKR,S,1
PVT,AVKR,S,7
RICL,AVKR,S,1
RIGL,AVKR,S,2
RIGR,AVKR,S,1
RIS,AVKR,S,4
RMFL,AVKR,S,4
RMFR,AVKR,S,3
ADEL,AVL,S,1
AVBL,AVL,S,1
AVFL,AVL,S,1
AVG,AVL,S,1
DVB,AVL,EJ,1
DVC,AVL,EJ,9
PVM,AVL,EJ,1
DVB,AVL,S,3
HSNR,AVL,S,1
PVCR,AVL,S,1
PVNL,AVL,S,2
PVNR,AVL,S,2
PVPR,AVL,S,3
PVQR,AVL,S,1
PVT,AVL,S,2
RIS,AVL,S,2
AVKL,AVM,S,1
ALML,AVM,EJ,1
ALMR,AVM,EJ,1
AVDL,AVM,EJ,2
PVM,AVM,S,1
AIYL,AWAL,S,3
AIAL,AWAL,EJ,1
AWAR,AWAL,EJ,1
AIAR,AWAR,S,1
AIYR,AWAR,S,1
ASER,AWAR,S,1
ASKR,AWAR,S,1
AIAR,AWAR,EJ,1
AIZR,AWAR,EJ,1
AWAL,AWAR,EJ,1
PVQR,AWAR,S,2
ADLL,AWBL,S,2
AWAL,AWBL,S,1
AUAL,AWBL,EJ,1
AWBR,AWBL,EJ,1
RMGL,AWBL,EJ,1
HSNL,AWBL,S,1
HSNR,AWBL,S,1
ADFR,AWBR,S,1
AVHL,AWBR,S,1
AWAR,AWBR,S,1
AUAR,AWBR,EJ,1
AWBL,AWBR,EJ,1
RICL,AWBR,EJ,1
RMGR,AWBR,EJ,1
HSNL,AWBR,S,2
RIR,AWBR,S,1
AIAR,AWCL,S,1
AIYL,AWCL,S,1
ASEL,AWCL,S,4
ASER,AWCL,S,1
ASIL,AWCL,S,1
ASIR,AWCL,S,1
AWCR,AWCL,S,4
ADLR,AWCR,S,3
AIAL,AWCR,S,1
AIAR,AWCR,S,2
AIYL,AWCR,S,1
ASEL,AWCR,S,1
ASER,AWCR,S,1
ASIL,AWCR,S,1
ASIR,AWCR,S,1
AWCL,AWCR,S,1
AINL,BAGL,S,3
AQR,BAGL,S,2
BAGR,BAGL,EJ,1
RIGR,BAGL,EJ,1
RIR,BAGL,EJ,1
RIBR,BAGL,S,1
AINR,BAGR,S,3
AQR,BAGR,S,2
BAGL,BAGR,S,1
BAGL,BAGR,EJ,1
RIGL,BAGR,EJ,1
RIR,BAGR,EJ,1
IL2VL,BAGR,S,1
RIBL,BAGR,S,1
RIGL,BAGR,S,1
RIH,BAGR,S,1
RIR,BAGR,S,1
ADEL,BDUL,S,1
ALML,BDUL,S,5
AVKR,BDUL,S,1
AVM,BDUL,S,2
PVNL,BDUL,S,1
PVNR,BDUL,S,1
ALMR,BDUR,S,5
AVM,BDUR,S,2
CEPDR,BDUR,S,1
HSNR,BDUR,S,1
PVNL,BDUR,S,2
PVNR,BDUR,S,2
ADEL,CEPDL,S,1
ALML,CEPDL,S,3
OLQDL,CEPDL,EJ,1
RIH,CEPDL,EJ,1
OLLL,CEPDL,S,3
RIH,CEPDL,S,1
RMGL,CEPDL,S,1
URBL,CEPDL,S,1
ADER,CEPDR,S,1
ALMR,CEPDR,S,1
OLQDR,CEPDR,EJ,2
RIH,CEPDR,EJ,1
IL2DR,CEPDR,S,1
OLLR,CEPDR,S,1
RIH,CEPDR,S,1
RIS,CEPDR,S,1
URBR,CEPDR,S,1
ALML,CEPVL,S,2
OLQVL,CEPVL,EJ,1
RIH,CEPVL,EJ,1
OLLL,CEPVL,S,4
RIAL,CEPVL,S,1
RIH,CEPVL,S,1
RIS,CEPVL,S,2
ALMR,CEPVR,S,1
ASKR,CEPVR,S,1
OLQVR,CEPVR,EJ,1
RIH,CEPVR,EJ,1
OLLR,CEPVR,S,6
RIAR,CEPVR,S,1
RIH,CEPVR,S,1
RIS,CEPVR,S,1
AIZL,DVA,S,1
AIZR,DVA,S,1
AVKL,DVA,S,1
AVBL,DVA,EJ,1
AVBR,DVA,EJ,1
PVCL,DVA,EJ,1
PVR,DVA,EJ,2
FLPL,DVA,S,1
FLPR,DVA,S,1
PDEL,DVA,S,16
PDER,DVA,S,19
PHAL,DVA,S,2
PHAR,DVA,S,1
PHCL,DVA,S,4
PHCR,DVA,S,5
PLMR,DVA,S,5
PVCL,DVA,S,4
PVDR,DVA,S,2
PVM,DVA,S,2
PVR,DVA,S,1
RIR,DVA,S,2
SDQR,DVA,S,3
AVL,DVB,EJ,1
AVDR,DVC,S,1
DVB,DVC,S,3
AIBL,DVC,EJ,1
AIBR,DVC,EJ,2
AVL,DVC,EJ,9
PVPL,DVC,EJ,2
PVPR,DVC,EJ,13
PVPR,DVC,S,1
PVQR,DVC,S,1
PVT,DVC,S,2
RIGL,DVC,S,1
ADEL,FLPL,S,1
ADER,FLPL,S,1
AIBL,FLPL,S,1
AVAL,FLPL,EJ,1
AVDL,FLPL,EJ,1
FLPR,FLPL,EJ,2
RIH,FLPL,EJ,1
FLPR,FLPL,S,2
PVCR,FLPL,S,1
SDQL,FLPL,S,1
ADAL,FLPR,S,1
ADER,FLPR,S,1
FLPL,FLPR,S,1
AVDL,FLPR,EJ,1
AVDR,FLPR,EJ,1
FLPL,FLPR,EJ,2
AIAL,HSNL,S,1
AIMR,HSNL,S,1
AIYR,HSNL,S,1
ASJL,HSNL,S,1
AVFL,HSNL,S,1
BDUL,HSNL,S,1
HSNR,HSNL,EJ,1
HSNR,HSNL,S,1
PLML,HSNL,S,1
PVQL,HSNL,S,2
RIR,HSNL,S,1
AIMR,HSNR,S,2
AIYL,HSNR,S,1
ASHR,HSNR,S,1
ASJL,HSNR,S,1
ASJR,HSNR,S,1
AVBR,HSNR,S,1
AVFR,HSNR,S,1
AVJL,HSNR,S,1
AVL,HSNR,S,1
BDUR,HSNR,S,3
HSNL,HSNR,EJ,1
HSNL,HSNR,S,3
PLMR,HSNR,S,1
PVNR,HSNR,EJ,1
PVNR,HSNR,S,1
PVQR,HSNR,S,1
RIFR,HSNR,S,1
CEPDL,IL1DL,S,4
IL1DR,IL1DL,EJ,1
IL1L,IL1DL,EJ,1
OLLL,IL1DL,EJ,1
RMEV,IL1DL,EJ,1
IL1L,IL1DL,S,1
IL2DL,IL1DL,S,7
PVR,IL1DL,S,1
URADL,IL1DL,S,2
CEPDR,IL1DR,S,5
IL1DL,IL1DR,EJ,1
IL1R,IL1DR,EJ,1
OLLR,IL1DR,EJ,1
RMEV,IL1DR,EJ,1
IL1R,IL1DR,S,1
IL2DR,IL1DR,S,7
OLLR,IL1DR,S,2
PVR,IL1DR,S,1
URADR,IL1DR,S,1
ADEL,IL1L,S,1
IL1DL,IL1L,EJ,1
IL1VL,IL1L,EJ,1
IL1VL,IL1L,S,1
IL2L,IL1L,S,1
URBL,IL1L,S,1
CEPDR,IL1R,S,1
IL1DR,IL1R,EJ,1
IL1VR,IL1R,EJ,1
IL1VR,IL1R,S,1
IL2R,IL1R,S,1
RIAR,IL1R,S,1
URAVR,IL1R,S,1
URBR,IL1R,S,3
CEPVL,IL1VL,S,2
IL1L,IL1VL,EJ,1
IL1VR,IL1VL,EJ,1
RMED,IL1VL,EJ,1
IL2VL,IL1VL,S,7
OLLL,IL1VL,S,2
OLQVL,IL1VL,S,1
PVR,IL1VL,S,1
URYVL,IL1VL,S,1
CEPVR,IL1VR,S,1
IL1R,IL1VR,EJ,1
IL1VL,IL1VR,EJ,1
IL2R,IL1VR,EJ,1
IL2VR,IL1VR,S,6
OLLR,IL1VR,S,1
OLQVR,IL1VR,S,1
PVR,IL1VR,S,1
URYVR,IL1VR,S,1
ADEL,IL2L,S,1
RMGL,IL2L,EJ,1
IL2VL,IL2L,S,1
RIH,IL2L,S,2
IL1VR,IL2R,EJ,1
RMGR,IL2R,EJ,1
URXR,IL2R,EJ,1
OLLR,IL2R,S,1
RIH,IL2R,S,1
URBR,IL2R,S,1
OLQVL,IL2VL,S,1
CEPVR,IL2VR,S,2
IL1VR,IL2VR,S,1
AVAL,LUAL,S,1
AVAR,LUAL,S,1
AVDL,LUAL,S,1
AVDR,LUAL,S,2
AVAL,LUAL,EJ,1
PLML,LUAL,EJ,1
PVR,LUAL,EJ,1
PHCL,LUAL,S,1
AVAR,LUAR,S,3
PLMR,LUAR,EJ,1
PVR,LUAR,EJ,1
PHCR,LUAR,S,1
PQR,LUAR,S,1
PVCR,LUAR,S,1
ADEL,OLLL,S,1
CEPDL,OLLL,S,2
CEPVL,OLLL,S,4
IL1DL,OLLL,EJ,1
OLLR,OLLL,EJ,2
RIGL,OLLL,EJ,1
SAADR,OLLL,S,1
ADER,OLLR,S,2
ADLR,OLLR,S,1
CEPDR,OLLR,S,7
CEPVR,OLLR,S,6
IL2R,OLLR,S,1
IL1DR,OLLR,EJ,1
OLLL,OLLR,EJ,2
RIGR,OLLR,EJ,1
RIS,OLLR,S,1
RMDL,OLLR,S,2
SAAVL,OLLR,S,1
CEPDL,OLQDL,S,6
IL2DL,OLQDL,S,2
IL2L,OLQDL,S,3
CEPDL,OLQDL,EJ,1
RIBL,OLQDL,EJ,2
RIGL,OLQDL,EJ,1
RMDVL,OLQDL,EJ,1
URBL,OLQDL,EJ,1
RIH,OLQDL,S,2
RIPL,OLQDL,S,1
RIPR,OLQDL,S,1
AIMR,OLQDR,S,1
CEPDR,OLQDR,S,5
IL2R,OLQDR,S,2
CEPDR,OLQDR,EJ,2
RIBR,OLQDR,EJ,2
RIGR,OLQDR,EJ,1
RIH,OLQDR,EJ,1
RMDVR,OLQDR,EJ,1
URBR,OLQDR,EJ,1
RIH,OLQDR,S,2
RIPL,OLQDR,S,1
RIPR,OLQDR,S,1
ADFL,OLQVL,S,1
ADLL,OLQVL,S,1
CEPVL,OLQVL,S,6
IL2L,OLQVL,S,6
IL2VL,OLQVL,S,1
ADLL,OLQVL,EJ,1
CEPVL,OLQVL,EJ,1
RIBL,OLQVL,EJ,1
RIGL,OLQVL,EJ,1
RMDDL,OLQVL,EJ,1
URBL,OLQVL,EJ,1
RIH,OLQVL,S,1
CEPVR,OLQVR,S,3
IL2R,OLQVR,S,5
IL2VR,OLQVR,S,1
CEPVR,OLQVR,EJ,1
RIBR,OLQVR,EJ,1
RIGR,OLQVR,EJ,1
RMDDR,OLQVR,EJ,1
URBR,OLQVR,EJ,1
RIH,OLQVR,S,6
URXR,OLQVR,S,1
DVB,PDA,S,1
RID,PDB,EJ,2
AVAR,PDEL,S,1
AVKL,PDEL,S,2
DVA,PDEL,S,2
PDER,PDEL,EJ,3
PVCR,PDEL,EJ,1
PVM,PDEL,EJ,1
PLMR,PDEL,S,2
PVCR,PDEL,S,1
PVM,PDEL,S,6
PVR,PDEL,S,1
AVAR,PDER,S,1
AVFL,PDER,S,1
AVKL,PDER,S,1
PDEL,PDER,S,1
PDEL,PDER,EJ,3
PVM,PDER,EJ,1
PLMR,PDER,S,3
PVM,PDER,S,6
PVR,PDER,S,1
AVG,PHAL,S,2
PHAR,PHAL,EJ,2
PHAR,PHAL,S,5
PHAL,PHAR,S,5
PHAL,PHAR,EJ,2
PVPL,PHAR,EJ,3
LUAL,PHBL,S,1
PHAL,PHBL,S,5
PHAR,PHBL,S,1
PHBR,PHBL,EJ,3
PHBR,PHBL,S,1
PHAL,PHBR,S,5
PHAR,PHBR,S,5
PHBL,PHBR,S,1
AVHL,PHBR,EJ,1
PHBL,PHBR,EJ,3
DVB,PHCL,S,1
PHCR,PHCL,EJ,1
PLML,PHCL,EJ,1
PHCR,PHCL,S,1
PHCL,PHCR,EJ,1
PVCR,PHCR,EJ,1
LUAL,PLML,EJ,1
PHCL,PLML,EJ,1
PVCL,PLML,EJ,1
AVJL,PLMR,S,2
LUAR,PLMR,EJ,1
PVCR,PLMR,EJ,1
PVR,PLMR,EJ,2
SMBVL,PLNL,S,1
AVDR,PQR,S,1
LUAR,PQR,S,1
PVPL,PQR,EJ,4
PVNL,PQR,S,1
PVNR,PQR,S,2
ADLR,PVCL,S,1
ALML,PVCL,S,2
AVAL,PVCL,S,7
AVAR,PVCL,S,5
AVDL,PVCL,S,1
AVG,PVCL,S,1
AVJL,PVCL,S,1
AVJR,PVCL,S,2
AVM,PVCL,S,4
BDUR,PVCL,S,1
DVA,PVCL,S,3
FLPR,PVCL,S,2
PDER,PVCL,S,1
PHBL,PVCL,S,13
PHBR,PVCL,S,6
PHCL,PVCL,S,2
PLMR,PVCL,S,2
AVAL,PVCL,EJ,2
AVJL,PVCL,EJ,1
AVJR,PVCL,EJ,1
DVA,PVCL,EJ,1
PLML,PVCL,EJ,1
PVCR,PVCL,EJ,5
PVCR,PVCL,S,2
PVDL,PVCL,S,1
PVDR,PVCL,S,11
PVM,PVCL,S,2
PVNL,PVCL,S,1
PVNR,PVCL,S,1
PVPR,PVCL,S,4
RIFR,PVCL,S,1
ALML,PVCR,S,1
ALMR,PVCR,S,3
AQR,PVCR,S,2
AVAL,PVCR,S,4
AVAR,PVCR,S,5
AVEL,PVCR,S,1
AVJL,PVCR,S,2
AVJR,PVCR,S,3
AVM,PVCR,S,4
DVA,PVCR,S,1
LUAR,PVCR,S,3
PDER,PVCR,S,1
PHBR,PVCR,S,3
PHCR,PVCR,S,8
PVCL,PVCR,S,2
AVAL,PVCR,EJ,5
AVAR,PVCR,EJ,3
AVJL,PVCR,EJ,3
PDEL,PVCR,EJ,1
PHCR,PVCR,EJ,1
PLMR,PVCR,EJ,1
PVCL,PVCR,EJ,5
PVWL,PVCR,EJ,2
PVWR,PVCR,EJ,1
PVDL,PVCR,S,6
PVDR,PVCR,S,10
PVPL,PVCR,S,2
PVPR,PVCR,S,6
PVR,PVCR,S,1
PVWR,PVCR,S,1
RIFR,PVCR,S,1
PVCR,PVDL,S,1
PVDR,PVDL,S,1
AVKL,PVM,S,1
PDEL,PVM,S,2
AVL,PVM,EJ,1
PDEL,PVM,EJ,1
PDER,PVM,EJ,1
AVFL,PVNL,S,2
AVHR,PVNL,S,1
AVM,PVNL,S,1
BDUL,PVNL,S,2
BDUR,PVNL,S,2
LUAL,PVNL,S,1
PQR,PVNL,S,1
AVBR,PVNL,EJ,2
PVNR,PVNL,S,1
PVQR,PVNL,EJ,1
AIMR,PVNR,S,1
AVBL,PVNR,S,1
AVG,PVNR,S,1
AVJL,PVNR,S,1
BDUL,PVNR,S,2
BDUR,PVNR,S,1
HSNR,PVNR,S,1
PDA,PVNR,S,1
PVNL,PVNR,S,5
HSNR,PVNR,EJ,1
AQR,PVPL,S,1
AVHR,PVPL,S,3
DVB,PVPL,S,1
AQR,PVPL,EJ,7
AVAL,PVPL,EJ,1
AVKL,PVPL,EJ,1
AVKR,PVPL,EJ,6
DVC,PVPL,EJ,2
PHAR,PVPL,EJ,3
PQR,PVPL,EJ,4
PVPR,PVPL,EJ,1
PVT,PVPL,EJ,1
RIFL,PVPL,S,3
RIR,PVPL,S,1
ADFR,PVPR,S,1
ASHR,PVPR,S,1
AVG,PVPR,S,1
AVHL,PVPR,S,2
AVL,PVPR,S,1
AQR,PVPR,EJ,9
AVKL,PVPR,EJ,1
DVC,PVPR,EJ,13
PVPL,PVPR,EJ,1
RIFR,PVPR,S,4
AIML,PVQL,S,1
ASJL,PVQL,S,8
AVFL,PVQL,S,1
AVFR,PVQL,S,1
AVHL,PVQL,S,1
AVKR,PVQL,S,1
PHAL,PVQL,S,2
PHAR,PVQL,S,2
ADAL,PVQL,EJ,1
ASKL,PVQL,EJ,5
PVQR,PVQL,EJ,2
ASJR,PVQR,S,9
AVFL,PVQR,S,1
AVG,PVQR,S,1
AVHL,PVQR,S,2
AVJR,PVQR,S,1
HSNR,PVQR,S,1
PVPR,PVQR,S,1
ADAR,PVQR,EJ,1
ASKR,PVQR,EJ,4
AVFL,PVQR,EJ,1
PVNL,PVQR,EJ,1
PVQL,PVQR,EJ,2
ADER,PVR,S,1
AVM,PVR,S,3
DVA,PVR,S,2
IL1DL,PVR,S,1
LUAR,PVR,S,1
PDEL,PVR,S,2
PVCR,PVR,S,1
PVM,PVR,S,1
ALML,PVR,EJ,1
DVA,PVR,EJ,2
LUAL,PVR,EJ,1
LUAR,PVR,EJ,1
PLMR,PVR,EJ,2
SMDVL,PVR,S,1
AVEL,PVT,S,1
AVG,PVT,S,1
DVC,PVT,S,1
PVNL,PVT,S,1
PVNR,PVT,S,2
PVQR,PVT,S,1
AIBL,PVT,EJ,1
AIBR,PVT,EJ,1
AVKL,PVT,EJ,2
PVPL,PVT,EJ,1
RIBL,PVT,EJ,1
PVWL,PVT,S,2
RIBR,PVT,EJ,1
PVWR,PVT,S,1
RMFL,PVT,S,1
AVL,PVWL,S,1
LUAL,PVWL,S,1
LUAR,PVWL,S,1
PVNL,PVWL,S,1
PVNR,PVWL,S,2
PVCR,PVWL,EJ,2
PVCR,PVWR,S,1
PVWL,PVWR,S,1
PVCR,PVWR,EJ,1
ADEL,RIAL,S,1
ADFL,RIAL,S,12
AIBR,RIAL,S,1
AIYL,RIAL,S,6
AIZL,RIAL,S,5
AQR,RIAL,S,2
ASHL,RIAL,S,4
AUAL,RIAL,S,5
AWBL,RIAL,S,2
AWCL,RIAL,S,2
BAGR,RIAL,S,3
DVA,RIAL,S,1
IL2VL,RIAL,S,1
RIAR,RIAL,S,4
RIBL,RIAL,S,2
RIH,RIAL,S,10
RIR,RIAL,S,4
RIVL,RIAL,S,1
RIVR,RIAL,S,2
RMDL,RIAL,S,4
RMDR,RIAL,S,3
SMDDL,RIAL,S,1
SMDDR,RIAL,S,2
SMDVL,RIAL,S,3
SMDVR,RIAL,S,7
URXL,RIAL,S,7
URYVL,RIAL,S,1
ADFR,RIAR,S,15
AIYR,RIAR,S,6
AIZR,RIAR,S,4
AQR,RIAR,S,1
ASEL,RIAR,S,1
ASHR,RIAR,S,2
AUAR,RIAR,S,5
AWBR,RIAR,S,1
BAGL,RIAR,S,3
DVA,RIAR,S,1
IL2VR,RIAR,S,2
PVPR,RIAR,S,2
RIAL,RIAR,S,1
RIBR,RIAR,S,2
RIH,RIAR,S,8
RIR,RIAR,S,1
RIVL,RIAR,S,1
RIVR,RIAR,S,1
RMDL,RIAR,S,3
RMDR,RIAR,S,4
SMDDL,RIAR,S,1
SMDDR,RIAR,S,1
SMDVL,RIAR,S,8
SMDVR,RIAR,S,5
URXR,RIAR,S,3
URYVR,RIAR,S,1
AIBR,RIBL,S,4
AINL,RIBL,S,1
AINR,RIBL,S,2
AIYL,RIBL,S,4
ASIL,RIBL,S,1
AUAL,RIBL,S,7
BAGL,RIBL,S,1
BAGR,RIBL,S,3
CEPDL,RIBL,S,2
DVC,RIBL,S,1
IL2DL,RIBL,S,1
OLLL,RIBL,S,8
AVBL,RIBL,EJ,1
AVBR,RIBL,EJ,1
OLQDL,RIBL,EJ,2
OLQVL,RIBL,EJ,1
PVT,RIBL,EJ,1
RIBL,RIBL,EJ,1
RIBR,RIBL,EJ,3
RIGL,RIBL,EJ,1
SIADL,RIBL,EJ,1
SIAVL,RIBL,EJ,1
SIBDL,RIBL,EJ,1
SIBVL,RIBL,EJ,1
SIBVR,RIBL,EJ,1
SMBDL,RIBL,EJ,1
SMDDL,RIBL,EJ,1
SMDVR,RIBL,EJ,2
RIGL,RIBL,S,1
RIH,RIBL,S,5
RIML,RIBL,S,1
RIS,RIBL,S,3
RMED,RIBL,S,1
URYDL,RIBL,S,1
URYVL,RIBL,S,2
AIBL,RIBR,S,3
AINL,RIBR,S,2
AIYR,RIBR,S,2
AUAR,RIBR,S,9
BAGL,RIBR,S,6
CEPDR,RIBR,S,1
DVC,RIBR,S,1
OLLR,RIBR,S,8
AVBL,RIBR,EJ,1
AVBR,RIBR,EJ,1
OLQDR,RIBR,EJ,2
OLQVR,RIBR,EJ,1
PVT,RIBR,EJ,1
RIBL,RIBR,EJ,3
RIBR,RIBR,EJ,1
RIGR,RIBR,EJ,1
SIADR,RIBR,EJ,1
SIAVR,RIBR,EJ,1
SIBDR,RIBR,EJ,1
SIBVR,RIBR,EJ,1
SMBDR,RIBR,EJ,1
SMDDL,RIBR,EJ,1
SMDDR,RIBR,EJ,1
SMDVL,RIBR,EJ,2
RIGR,RIBR,S,1
RIH,RIBR,S,4
RIMR,RIBR,S,1
RIS,RIBR,S,5
RMED,RIBR,S,1
URYDR,RIBR,S,1
URYVR,RIBR,S,1
ADAL,RICL,S,1
ADAR,RICL,S,1
ADLR,RICL,S,1
CEPDL,RICL,S,1
CEPDR,RICL,S,4
CEPVL,RICL,S,6
CEPVR,RICL,S,2
IL2L,RICL,S,1
OLQDR,RICL,S,1
OLQVL,RICL,S,1
ASHL,RICL,EJ,2
AVKL,RICL,EJ,1
AVKR,RICL,EJ,1
AWBR,RICL,EJ,1
URXL,RICL,S,1
ADAL,RICR,S,1
ADLR,RICR,S,1
CEPDL,RICR,S,2
CEPDR,RICR,S,3
CEPVL,RICR,S,4
CEPVR,RICR,S,2
IL2DR,RICR,S,1
OLQDL,RICR,S,1
OLQDR,RICR,S,1
OLQVR,RICR,S,1
ASHR,RICR,EJ,2
AVKL,RICR,EJ,1
SDQL,RICR,S,1
SDQR,RICR,S,1
URBL,RICR,S,1
URBR,RICR,S,1
AINR,RID,S,1
AVM,RID,S,1
PVCL,RID,S,4
PVCR,RID,S,3
ALA,RID,EJ,1
AVBL,RID,EJ,1
AVBR,RID,EJ,2
PDB,RID,EJ,2
RMGL,RID,S,1
ADEL,RIFL,S,1
AIAL,RIFL,S,1
AIBL,RIFL,S,1
AIML,RIFL,S,1
HSNL,RIFL,S,3
PVNL,RIFL,S,1
AVG,RIFL,EJ,1
AIAR,RIFR,S,2
AIMR,RIFR,S,1
ASKR,RIFR,S,1
AVJL,RIFR,S,1
AWAR,RIFR,S,2
HSNR,RIFR,S,3
PVQR,RIFR,S,1
AVG,RIFR,EJ,1
ADEL,RIGL,S,3
ADER,RIGL,S,4
ADFL,RIGL,S,1
AIZL,RIGL,S,1
AVAR,RIGL,S,1
AVHR,RIGL,S,1
BAGL,RIGL,S,1
BAGR,RIGL,S,3
DVC,RIGL,S,4
PVPL,RIGL,S,2
PVT,RIGL,S,2
AIBR,RIGL,EJ,3
AQR,RIGL,EJ,2
AVKL,RIGL,EJ,1
BAGR,RIGL,EJ,1
OLLL,RIGL,EJ,1
OLQDL,RIGL,EJ,1
OLQVL,RIGL,EJ,1
RIBL,RIGL,EJ,1
RIGR,RIGL,EJ,3
RMEL,RIGL,EJ,1
URYDL,RIGL,EJ,1
URYVL,RIGL,EJ,1
RIR,RIGL,S,1
URXL,RIGL,S,2
ADEL,RIGR,S,3
ADER,RIGR,S,4
ADFR,RIGR,S,2
AIBL,RIGR,S,1
AWAR,RIGR,S,1
BAGL,RIGR,S,3
DVC,RIGR,S,5
PVPR,RIGR,S,1
PVT,RIGR,S,3
RIBR,RIGR,S,1
AIBL,RIGR,EJ,3
AQR,RIGR,EJ,1
AVKR,RIGR,EJ,1
BAGL,RIGR,EJ,1
OLLR,RIGR,EJ,1
OLQDR,RIGR,EJ,1
OLQVR,RIGR,EJ,1
RIBR,RIGR,EJ,1
RIGL,RIGR,EJ,3
URYDR,RIGR,EJ,1
URYVR,RIGR,EJ,1
RMFL,RIGR,S,1
URXR,RIGR,S,2
ADEL,RIH,S,2
ADER,RIH,S,1
IL1DL,RIH,S,1
IL2L,RIH,S,7
IL2R,RIH,S,6
IL2VL,RIH,S,2
IL2VR,RIH,S,2
OLQVL,RIH,S,1
OLQVR,RIH,S,2
PVT,RIH,S,1
RIBR,RIH,S,1
CEPDL,RIH,EJ,1
CEPDR,RIH,EJ,1
CEPVL,RIH,EJ,1
CEPVR,RIH,EJ,1
FLPL,RIH,EJ,1
OLQDR,RIH,EJ,1
URYVL,RIH,S,1
ADAL,RIML,S,3
AIBL,RIML,S,2
AIBR,RIML,S,12
AIZL,RIML,S,4
ASHL,RIML,S,1
AVKL,RIML,S,2
AVKR,RIML,S,2
HSNL,RIML,S,2
RICL,RIML,S,1
RIFL,RIML,S,4
AIBR,RIML,EJ,1
AIYL,RIML,EJ,1
AVAR,RIML,EJ,2
AVEL,RIML,EJ,2
AVER,RIML,EJ,3
RIS,RIML,EJ,1
RIS,RIML,S,1
SAADL,RIML,S,2
SAADR,RIML,S,3
SAAVL,RIML,S,2
SAAVR,RIML,S,5
ADAR,RIMR,S,5
AIBL,RIMR,S,12
AIBR,RIMR,S,1
AIZR,RIMR,S,3
AVHL,RIMR,S,1
AVKL,RIMR,S,1
AVKR,RIMR,S,2
DVA,RIMR,S,1
PVPR,RIMR,S,1
RICL,RIMR,S,2
RIFR,RIMR,S,4
AIBL,RIMR,EJ,1
AIYR,RIMR,EJ,1
AVAL,RIMR,EJ,3
AVAR,RIMR,EJ,1
AVEL,RIMR,EJ,3
AVER,RIMR,EJ,2
RIS,RIMR,EJ,1
RIS,RIMR,S,3
RMDR,RIMR,S,2
SAADL,RIMR,S,5
SAADR,RIMR,S,3
SAAVL,RIMR,S,12
SAAVR,RIMR,S,2
ADAL,RIPL,S,1
ADLL,RIPL,S,1
ASHL,RIPL,S,1
CEPDL,RIPL,S,2
CEPVL,RIPL,S,1
IL1DL,RIPL,S,2
IL1VL,RIPL,S,4
IL2DL,RIPL,S,10
IL2VL,RIPL,S,11
OLQVL,RIPL,S,1
PVR,RIPL,S,3
RIH,RIPL,S,4
RMED,RIPL,EJ,1
URADL,RIPL,S,3
URAVL,RIPL,S,3
ADAR,RIPR,S,1
CEPVR,RIPR,S,1
IL1DR,RIPR,S,5
IL1VR,RIPR,S,5
IL2DR,RIPR,S,11
IL2VR,RIPR,S,14
OLQVR,RIPR,S,2
PVR,RIPR,S,3
RIFR,RIPR,S,1
RIH,RIPR,S,3
RMED,RIPR,EJ,1
URADR,RIPR,S,3
URAVR,RIPR,S,3
URXR,RIPR,S,3
ADFL,RIR,S,2
ADFR,RIR,S,3
AVHL,RIR,S,3
AVHR,RIR,S,3
AWAR,RIR,S,2
AWBR,RIR,S,2
DVA,RIR,S,3
RIGL,RIR,S,2
RIGR,RIR,S,1
BAGL,RIR,EJ,1
BAGR,RIR,EJ,1
RMGR,RIR,S,1
AVJL,RIS,S,1
CEPDL,RIS,S,1
CEPDR,RIS,S,1
PVCL,RIS,S,2
RIMR,RIS,S,1
AIBR,RIS,EJ,1
AVJL,RIS,EJ,1
RIML,RIS,EJ,1
RIMR,RIS,EJ,1
SMDDL,RIS,EJ,1
SMDDR,RIS,EJ,1
SMDVL,RIS,EJ,1
RMDR,RIS,S,1
SDQL,RIS,S,2
URYVL,RIS,S,1
ADEL,RIVL,S,1
CEPVR,RIVL,S,1
RIAL,RIVL,S,2
RIAR,RIVL,S,1
AIBL,RIVL,EJ,1
RIVR,RIVL,EJ,2
SDQR,RIVL,EJ,2
SMDVL,RIVL,EJ,1
SMDVL,RIVL,S,1
ADAR,RIVR,S,1
ADEL,RIVR,S,1
RIAL,RIVR,S,3
RICL,RIVR,S,1
AIBR,RIVR,EJ,1
RIVL,RIVR,EJ,2
SDQR,RIVR,EJ,2
SMDVR,RIVR,EJ,2
SMDVR,RIVR,S,1
ALMR,RMDDL,S,1
CEPDR,RMDDL,S,1
CEPVL,RMDDL,S,4
IL1L,RMDDL,S,5
IL1R,RMDDL,S,3
IL1VL,RMDDL,S,5
OLLL,RMDDL,S,7
OLQDR,RMDDL,S,2
RIAL,RMDDL,S,10
RIAR,RMDDL,S,9
RIS,RMDDL,S,1
RIVR,RMDDL,S,1
OLQVL,RMDDL,EJ,1
RMDL,RMDDL,EJ,1
RMDVL,RMDDL,EJ,1
SMDDL,RMDDL,EJ,1
RMDR,RMDDL,S,1
RMDVR,RMDDL,S,3
SMDVR,RMDDL,S,1
URYDR,RMDDL,S,3
URYVL,RMDDL,S,4
ALML,RMDDR,S,1
CEPVR,RMDDR,S,2
IL1DL,RMDDR,S,1
IL1R,RMDDR,S,2
IL1VR,RMDDR,S,10
OLLR,RMDDR,S,10
OLQDL,RMDDR,S,3
RIAL,RMDDR,S,7
RIAR,RMDDR,S,10
OLQVR,RMDDR,EJ,1
RMDVR,RMDDR,EJ,1
SAADR,RMDDR,EJ,1
RMDL,RMDDR,S,1
SMDDR,RMDDR,EJ,1
RMDVL,RMDDR,S,6
SMDVL,RMDDR,S,1
URBL,RMDDR,S,1
URYDL,RMDDR,S,3
URYVR,RMDDR,S,6
ADEL,RMDL,S,2
IL1L,RMDL,S,1
IL1R,RMDL,S,3
IL2L,RMDL,S,2
IL2R,RMDL,S,1
OLLL,RMDL,S,2
OLLR,RMDL,S,3
RIAL,RMDL,S,4
RIAR,RMDL,S,2
RIML,RMDL,S,1
RIMR,RMDL,S,2
RIS,RMDL,S,2
RIVL,RMDL,S,2
RMDR,RMDL,S,1
RMDDL,RMDL,EJ,1
RMDVL,RMDL,EJ,1
RMFR,RMDL,S,2
RMGL,RMDL,S,1
RMGR,RMDL,S,4
URBR,RMDL,S,1
ADER,RMDR,S,2
ALA,RMDR,S,1
AVKR,RMDR,S,1
IL1L,RMDR,S,3
IL1R,RMDR,S,2
IL2L,RMDR,S,1
RIAL,RMDR,S,4
RIAR,RMDR,S,7
RIML,RMDR,S,1
RIMR,RMDR,S,1
RIS,RMDR,S,3
RIVR,RMDR,S,1
RMDL,RMDR,S,3
RMDVR,RMDR,EJ,1
RMFL,RMDR,S,3
RMGL,RMDR,S,2
RMGR,RMDR,S,2
RMHL,RMDR,S,1
URBR,RMDR,S,1
URXR,RMDR,S,1
CEPDL,RMDVL,S,2
IL1DL,RMDVL,S,4
IL1L,RMDVL,S,4
IL1R,RMDVL,S,1
OLLL,RMDVL,S,1
OLQVR,RMDVL,S,4
RIAL,RMDVL,S,8
RIAR,RMDVL,S,12
RMDDR,RMDVL,S,11
AVER,RMDVL,EJ,1
OLQDL,RMDVL,EJ,1
RMDDL,RMDVL,EJ,1
RMDL,RMDVL,EJ,1
RMDVR,RMDVL,EJ,1
SAAVL,RMDVL,EJ,1
SMDVL,RMDVL,EJ,1
RMGL,RMDVL,S,3
URAVR,RMDVL,S,1
URYDL,RMDVL,S,4
URYVR,RMDVL,S,3
CEPDR,RMDVR,S,2
IL1DR,RMDVR,S,5
IL1L,RMDVR,S,2
IL1R,RMDVR,S,4
OLLR,RMDVR,S,3
OLQVL,RMDVR,S,3
RIAL,RMDVR,S,9
RIAR,RMDVR,S,9
RIVR,RMDVR,S,1
RMDDL,RMDVR,S,7
AVEL,RMDVR,EJ,1
AVER,RMDVR,EJ,1
OLQDR,RMDVR,EJ,1
RMDDR,RMDVR,EJ,1
RMDR,RMDVR,EJ,1
RMDVL,RMDVR,EJ,1
SAAVR,RMDVR,EJ,1
SMDVR,RMDVR,EJ,1
RMGR,RMDVR,S,5
URADR,RMDVR,S,1
URYDR,RMDVR,S,4
URYVL,RMDVR,S,2
IL2DR,RMED,S,1
IL1VL,RMED,EJ,1
RIPL,RMED,EJ,1
RIPR,RMED,EJ,1
RMEV,RMED,EJ,2
SMBDL,RMED,S,3
SMBDR,RMED,S,4
URADR,RMED,S,1
IL1R,RMEL,S,2
IL2DL,RMEL,S,4
IL2DR,RMEL,S,2
IL2R,RMEL,S,2
IL2VL,RMEL,S,1
IL2VR,RMEL,S,3
OLLL,RMEL,S,2
RIGL,RMEL,EJ,1
RMEV,RMEL,EJ,1
URADL,RMEL,S,1
URAVL,RMEL,S,1
IL1L,RMER,S,1
IL1VR,RMER,S,1
IL2DL,RMER,S,3
IL2DR,RMER,S,2
IL2L,RMER,S,2
IL2VL,RMER,S,4
IL2VR,RMER,S,2
OLLR,RMER,S,2
OLQVR,RMER,S,1
RIH,RMER,S,2
RMDL,RMER,S,1
RMEV,RMER,EJ,1
RMHR,RMER,S,1
URADR,RMER,S,1
URAVL,RMER,S,1
URAVR,RMER,S,2
IL2DR,RMEV,S,1
IL2L,RMEV,S,2
IL2R,RMEV,S,1
IL2VL,RMEV,S,1
IL2VR,RMEV,S,3
PVT,RMEV,S,1
RIH,RMEV,S,1
RIVR,RMEV,S,1
AVEL,RMEV,EJ,1
AVER,RMEV,EJ,1
IL1DL,RMEV,EJ,1
IL1DR,RMEV,EJ,1
RMED,RMEV,EJ,2
RMEL,RMEV,EJ,1
RMER,RMEV,EJ,1
SMBVL,RMEV,S,4
SMBVR,RMEV,S,3
URAVL,RMEV,S,2
URAVR,RMEV,S,2
AVKR,RMFL,S,1
DVC,RMFL,S,2
PVT,RMFL,S,2
RIGL,RMFL,S,1
RIMR,RMFL,S,1
RMDL,RMFL,S,1
URBR,RMFL,EJ,1
SAADR,RMFL,S,1
SDQL,RMFL,S,1
AVKL,RMFR,S,1
DVC,RMFR,S,4
PVT,RMFR,S,2
RICL,RMFR,S,1
RIML,RMFR,S,1
RIMR,RMFR,S,1
SAAVL,RMFR,S,2
ADEL,RMGL,S,1
AIAL,RMGL,S,1
ALML,RMGL,S,1
CEPDL,RMGL,S,3
PVQL,RMGL,S,1
ADLL,RMGL,EJ,1
ASHL,RMGL,EJ,1
ASKL,RMGL,EJ,1
AWBL,RMGL,EJ,1
IL2L,RMGL,EJ,1
RMHL,RMGL,EJ,3
URXL,RMGL,EJ,1
RMHR,RMGL,S,1
SAADR,RMGL,S,1
URXL,RMGL,S,2
AIMR,RMGR,S,1
ASHR,RMGR,S,2
CEPDR,RMGR,S,1
HSNR,RMGR,S,1
PVPR,RMGR,S,1
RMFL,RMGR,S,1
ASHR,RMGR,EJ,1
ASKR,RMGR,EJ,1
AWBR,RMGR,EJ,1
IL2R,RMGR,EJ,1
RMHR,RMGR,EJ,1
URXR,RMGR,EJ,1
SAADL,RMGR,S,1
URXR,RMGR,S,1
ADEL,RMHL,S,1
CEPDR,RMHL,S,4
CEPVL,RMHL,S,1
IL1R,RMHL,S,1
RIGR,RMHL,S,4
RMGL,RMHL,EJ,3
SIBVR,RMHL,EJ,1
SDQR,RMHL,S,2
ALNR,RMHR,S,1
CEPDL,RMHR,S,3
CEPDR,RMHR,S,1
CEPVR,RMHR,S,2
OLQDR,RMHR,S,1
RIGL,RMHR,S,3
RMGL,RMHR,S,1
RMGR,RMHR,EJ,1
SDQR,RMHR,S,1
AIBL,SAADL,S,2
AIBR,SAADL,S,1
AVKR,SAADL,S,1
BDUL,SAADL,S,1
PLNL,SAADL,S,5
RIVR,SAADL,S,2
SMBDL,SAADL,EJ,1
SMBVL,SAADL,S,3
AIBL,SAADR,S,2
AVKL,SAADR,S,1
DVA,SAADR,S,1
PLNR,SAADR,S,4
RIAR,SAADR,S,1
RIML,SAADR,S,1
RIVL,SAADR,S,3
RMDDR,SAADR,EJ,1
SMBVR,SAADR,S,4
ALNL,SAAVL,S,3
DVA,SAAVL,S,1
RIML,SAAVL,S,3
RIMR,SAAVL,S,2
RMDVL,SAAVL,EJ,1
SMBVR,SAAVL,EJ,3
SMBDR,SAAVL,S,3
ADER,SAAVR,S,1
ALNR,SAAVR,S,2
DVA,SAAVR,S,1
RIML,SAAVR,S,2
RIMR,SAAVR,S,3
RMDVR,SAAVR,EJ,1
SMBVL,SAAVR,EJ,2
SMBDL,SAAVR,S,1
AVAR,SABD,S,1
AVDL,SABD,S,1
AVDR,SABD,S,1
AVEL,SABD,S,6
AVER,SABD,S,2
AVL,SABD,S,4
DVA,SABD,S,1
HSNR,SABD,S,1
PVR,SABD,S,1
AVAL,SABD,EJ,4
AVAR,SABVL,S,2
AVDL,SABVL,S,1
AVDR,SABVL,S,3
AVEL,SABVL,S,7
AVER,SABVL,S,3
AVJR,SABVL,S,1
AVL,SABVL,S,4
HSNL,SABVL,S,2
AVAR,SABVL,EJ,3
AVDL,SABVR,S,1
AVDR,SABVR,S,1
AVEL,SABVR,S,3
AVER,SABVR,S,3
AVL,SABVR,S,3
HSNR,SABVR,S,1
AVAL,SABVR,EJ,1
AVAR,SABVR,EJ,1
ALML,SDQL,S,1
BDUR,SDQL,S,1
SDQR,SDQL,EJ,1
AVAL,SDQR,EJ,1
AVBL,SDQR,EJ,1
RIVL,SDQR,EJ,2
RIVR,SDQR,EJ,2
SDQL,SDQR,EJ,1
SIBVL,SDQR,EJ,1
ALMR,SIADL,S,1
CEPDR,SIADL,S,1
RIAL,SIADL,S,2
RIAR,SIADL,S,1
RIBL,SIADL,EJ,1
ADEL,SIADR,S,1
CEPDL,SIADR,S,1
RIAR,SIADR,S,1
RIBR,SIADR,EJ,1
CEPVL,SIAVL,S,1
RIAR,SIAVL,S,1
RIVR,SIAVL,S,2
RMGL,SIAVL,S,1
RIBL,SIAVL,EJ,1
URBL,SIAVL,S,1
AVKL,SIAVR,S,1
CEPVR,SIAVR,S,2
RIVL,SIAVR,S,2
RIBR,SIAVR,EJ,1
URBR,SIAVR,S,2
URXR,SIAVR,S,1
OLQVL,SIBDL,S,3
RIBL,SIBDL,EJ,1
SIBVL,SIBDL,EJ,1
ADEL,SIBDR,S,1
OLQVR,SIBDR,S,4
RMDVR,SIBDR,S,1
AIML,SIBDR,EJ,1
RIBR,SIBDR,EJ,1
SIBVR,SIBDR,EJ,1
URYVR,SIBDR,S,1
AVM,SIBVL,S,1
OLQDL,SIBVL,S,3
PVCL,SIBVL,S,2
RMGL,SIBVL,S,2
AVBL,SIBVL,EJ,1
AVBR,SIBVL,EJ,1
RIBL,SIBVL,EJ,1
SDQR,SIBVL,EJ,1
SIBDL,SIBVL,EJ,1
URYVR,SIBVL,S,1
OLQDR,SIBVR,S,2
PVCR,SIBVR,S,2
RMDVR,SIBVR,S,1
RMGL,SIBVR,S,1
RIBL,SIBVR,EJ,1
RIBR,SIBVR,EJ,1
RMHL,SIBVR,EJ,1
SIBDR,SIBVR,EJ,1
URYVL,SIBVR,S,1
AIZL,SMBDL,S,8
ALNR,SMBDL,S,2
AVHR,SMBDL,S,1
AVKR,SMBDL,S,1
AWBL,SMBDL,S,1
DVA,SMBDL,S,3
RICL,SMBDL,S,2
AVKL,SMBDL,EJ,1
AVKR,SMBDL,EJ,1
RIBL,SMBDL,EJ,1
SAADL,SMBDL,EJ,1
URBR,SMBDL,S,1
ADEL,SMBDR,S,1
ADFR,SMBDR,S,1
AIZR,SMBDR,S,5
ALNL,SMBDR,S,2
AVHL,SMBDR,S,1
CEPDL,SMBDR,S,1
CEPDR,SMBDR,S,1
DVA,SMBDR,S,2
PVT,SMBDR,S,1
RICR,SMBDR,S,1
ALNL,SMBDR,EJ,1
AVKL,SMBDR,EJ,1
AVKR,SMBDR,EJ,2
RIBR,SMBDR,EJ,1
URBL,SMBDR,S,1
ADFL,SMBVL,S,2
AIML,SMBVL,S,1
AIZL,SMBVL,S,7
AVHR,SMBVL,S,1
DVA,SMBVL,S,3
PLNL,SMBVL,S,5
RMGL,SMBVL,S,1
SAAVR,SMBVL,EJ,2
ADFR,SMBVR,S,2
AIZR,SMBVR,S,3
AVHL,SMBVR,S,2
AWBR,SMBVR,S,1
DVA,SMBVR,S,2
PLNR,SMBVR,S,4
AVKL,SMBVR,EJ,1
AVKR,SMBVR,EJ,1
SAAVL,SMBVR,EJ,3
AIBR,SMDDL,S,2
AVKR,SMDDL,S,1
OLLL,SMDDL,S,2
RIAL,SMDDL,S,5
RIAR,SMDDL,S,5
RIBR,SMDDL,S,1
RICL,SMDDL,S,3
RICR,SMDDL,S,4
RIMR,SMDDL,S,2
RIVR,SMDDL,S,2
SAAVR,SMDDL,S,6
RIBL,SMDDL,EJ,1
RIBR,SMDDL,EJ,1
RIS,SMDDL,EJ,1
RMDDL,SMDDL,EJ,1
SMDVR,SMDDL,S,2
URYDL,SMDDL,S,1
URYDR,SMDDL,S,3
AIBL,SMDDR,S,4
AIZR,SMDDR,S,1
ALNR,SMDDR,S,1
AVKL,SMDDR,S,1
AVKR,SMDDR,S,2
OLLL,SMDDR,S,3
OLLR,SMDDR,S,1
RIAL,SMDDR,S,7
RIAR,SMDDR,S,6
RICL,SMDDR,S,3
RICR,SMDDR,S,3
RIML,SMDDR,S,4
RIMR,SMDDR,S,4
RIS,SMDDR,S,2
RIVL,SMDDR,S,1
RMEV,SMDDR,S,1
SAAVL,SMDDR,S,8
RIBR,SMDDR,EJ,1
RIS,SMDDR,EJ,1
RMDDR,SMDDR,EJ,1
SMDVL,SMDDR,S,4
URYDL,SMDDR,S,1
ADAR,SMDVL,S,2
AIBR,SMDVL,S,1
ALNL,SMDVL,S,1
ALNR,SMDVL,S,1
OLLR,SMDVL,S,4
RIAL,SMDVL,S,5
RIAR,SMDVL,S,11
RICR,SMDVL,S,2
RIML,SMDVL,S,1
RIBR,SMDVL,EJ,2
RIS,SMDVL,EJ,1
RIVL,SMDVL,EJ,1
RMDVL,SMDVL,EJ,1
SMDVR,SMDVL,EJ,1
URYVR,SMDVL,S,3
ADAL,SMDVR,S,2
OLLL,SMDVR,S,4
OLLR,SMDVR,S,3
RIAL,SMDVR,S,10
RIAR,SMDVR,S,6
RIBL,SMDVR,S,2
RICL,SMDVR,S,1
RICR,SMDVR,S,1
RIS,SMDVR,S,1
RIVR,SMDVR,S,2
SMDDL,SMDVR,S,2
RIBL,SMDVR,EJ,2
RIVR,SMDVR,EJ,2
RMDVR,SMDVR,EJ,1
SMDVL,SMDVR,EJ,1
URYVL,SMDVR,S,3
BDUL,URADL,S,1
CEPDL,URADL,S,2
IL2DL,URADL,S,2
PVR,URADL,S,1
BDUR,URADR,S,1
CEPDR,URADR,S,1
IL2DR,URADR,S,3
CEPVL,URAVL,S,2
IL2VL,URAVL,S,3
CEPVR,URAVR,S,1
IL2VR,URAVR,S,4
ADEL,URBL,S,1
CEPDL,URBL,S,4
OLQDL,URBL,EJ,1
OLQVL,URBL,EJ,1
CEPDR,URBR,S,2
IL2R,URBR,S,1
OLQDR,URBR,EJ,1
OLQVR,URBR,EJ,1
RMFL,URBR,EJ,1
AQR,URXL,S,1
IL2L,URXL,S,2
RIR,URXL,S,5
RMGL,URXL,S,1
URBL,URXL,S,2
RMGL,URXL,EJ,1
ADFR,URXR,S,1
AUAR,URXR,S,1
IL1R,URXR,S,2
IL2VR,URXR,S,1
RIR,URXR,S,1
RMGR,URXR,S,1
URBR,URXR,S,4
IL2R,URXR,EJ,1
RMGR,URXR,EJ,1
CEPDL,URYDL,S,2
IL1DL,URYDL,S,1
OLLL,URYDL,S,1
RMDDR,URYDL,S,1
AVAL,URYDL,EJ,1
RIGL,URYDL,EJ,1
CEPDR,URYDR,S,1
URADR,URYDR,S,1
AVAR,URYDR,EJ,1
RIGR,URYDR,EJ,1
IL1VL,URYVL,S,1
AVAR,URYVL,EJ,1
RIGL,URYVL,EJ,1
RIH,URYVR,S,1
RIS,URYVR,S,1
AVAL,URYVR,EJ,1
RIGR,URYVR,EJ,1
